treeId,url,qrSvg,qrPng
A01,https://sifir-atik-ormani.vercel.app/?t=A01,qr/A01.svg,qr/A01.png
A02,https://sifir-atik-ormani.vercel.app/?t=A02,qr/A02.svg,qr/A02.png
A03,https://sifir-atik-ormani.vercel.app/?t=A03,qr/A03.svg,qr/A03.png
A04,https://sifir-atik-ormani.vercel.app/?t=A04,qr/A04.svg,qr/A04.png
A05,https://sifir-atik-ormani.vercel.app/?t=A05,qr/A05.svg,qr/A05.png
A06,https://sifir-atik-ormani.vercel.app/?t=A06,qr/A06.svg,qr/A06.png
A07,https://sifir-atik-ormani.vercel.app/?t=A07,qr/A07.svg,qr/A07.png
A08,https://sifir-atik-ormani.vercel.app/?t=A08,qr/A08.svg,qr/A08.png
A09,https://sifir-atik-ormani.vercel.app/?t=A09,qr/A09.svg,qr/A09.png
A10,https://sifir-atik-ormani.vercel.app/?t=A10,qr/A10.svg,qr/A10.png
A11,https://sifir-atik-ormani.vercel.app/?t=A11,qr/A11.svg,qr/A11.png
A12,https://sifir-atik-ormani.vercel.app/?t=A12,qr/A12.svg,qr/A12.png
A13,https://sifir-atik-ormani.vercel.app/?t=A13,qr/A13.svg,qr/A13.png
A14,https://sifir-atik-ormani.vercel.app/?t=A14,qr/A14.svg,qr/A14.png
A15,https://sifir-atik-ormani.vercel.app/?t=A15,qr/A15.svg,qr/A15.png
A16,https://sifir-atik-ormani.vercel.app/?t=A16,qr/A16.svg,qr/A16.png
A17,https://sifir-atik-ormani.vercel.app/?t=A17,qr/A17.svg,qr/A17.png
A18,https://sifir-atik-ormani.vercel.app/?t=A18,qr/A18.svg,qr/A18.png
A19,https://sifir-atik-ormani.vercel.app/?t=A19,qr/A19.svg,qr/A19.png
A20,https://sifir-atik-ormani.vercel.app/?t=A20,qr/A20.svg,qr/A20.png
A21,https://sifir-atik-ormani.vercel.app/?t=A21,qr/A21.svg,qr/A21.png
A22,https://sifir-atik-ormani.vercel.app/?t=A22,qr/A22.svg,qr/A22.png
A23,https://sifir-atik-ormani.vercel.app/?t=A23,qr/A23.svg,qr/A23.png
A24,https://sifir-atik-ormani.vercel.app/?t=A24,qr/A24.svg,qr/A24.png
A25,https://sifir-atik-ormani.vercel.app/?t=A25,qr/A25.svg,qr/A25.png
A26,https://sifir-atik-ormani.vercel.app/?t=A26,qr/A26.svg,qr/A26.png
A27,https://sifir-atik-ormani.vercel.app/?t=A27,qr/A27.svg,qr/A27.png
A28,https://sifir-atik-ormani.vercel.app/?t=A28,qr/A28.svg,qr/A28.png
A29,https://sifir-atik-ormani.vercel.app/?t=A29,qr/A29.svg,qr/A29.png
A30,https://sifir-atik-ormani.vercel.app/?t=A30,qr/A30.svg,qr/A30.png
